﻿designator,quantity,value,pack,mpn,mount_type
"C1, C13, C3, C6",4,0.1uF,C_0603_1608Metric,,smt
"C10, C8, C9",3,100nF,C_0603_1608Metric,,smt
"C11, C12, C7",3,10uF,C_0603_1608Metric,,smt
"C14, C2",2,1nF,C_0603_1608Metric,,smt
C4,1,10uF,CP_Radial_D5.0mm_P2.00mm,,tht
C5,1,22uF,CP_Radial_D5.0mm_P2.00mm,,tht
D1,1,Power,LED_0603_1608Metric,,smt
D2,1,Tx,LED_0603_1608Metric,,smt
D3,1,Rx,LED_0603_1608Metric,,smt
J1,1,Conn_02x05_Odd_Even,IDC-Header_2x05_P2.54mm_Vertical,,tht
"J10, J15, J16, J3, J8",5,qwiic,JST_SH_SM04B-SRSS-TB_1x04-1MP_P1.00mm_Horizontal,,smt
J11,1,Conn_01x02,PinHeader_1x02_P2.54mm_Vertical,,tht
J12,1,from connector,PinHeader_1x02_P2.54mm_Vertical,,tht
J13,1,battery bypass,SolderJumper-2_P1.3mm_Bridged_RoundedPad1.0x1.5mm,,tht
J14,1,to rest of device,PinHeader_1x02_P2.54mm_Vertical,,tht
J17,1,/RTS,PinSocket_1x01_P2.54mm_Vertical,,tht
J2,1,Conn_02x03_Odd_Even,IDC-Header_2x03_P2.54mm_Vertical,,tht
"J4, J5, J7",3,Conn_01x15,PinHeader_1x15_P2.54mm_Vertical,,tht
J6,1,/CTS,PinSocket_1x01_P2.54mm_Vertical,,tht
J9,1,Conn_01x10,PinHeader_1x10_P2.54mm_Vertical,,tht
"JP1, JP10, JP2, JP3, JP4, JP5, JP6, JP7, JP8, JP9",10,Jumper_2_Open,SolderJumper-2_P1.3mm_Open_RoundedPad1.0x1.5mm,,tht
JP11,1,Serial Voltage,SolderJumper-3_P1.3mm_Bridged12_RoundedPad1.0x1.5mm,,tht
Q1,1,2N7002,SOT-23,,smt
"R1, R2, R23, R5, R6",5,10K,R_0603_1608Metric,,smt
"R10, R11, R12, R13, R14, R15, R16, R17, R18, R19, R20, R21, R8, R9",14,10k,R_0603_1608Metric,,smt
R22,1,1K,R_0603_1608Metric,,smt
"R24, R25",2,5.1K,R_0603_1608Metric,,smt
"R26, R27, R4",3,2.2K,R_0603_1608Metric,,smt
"R3, R7",2,4.7K,R_0603_1608Metric,,smt
SW1,1,reset,SW_TH_Tactile_Omron_B3F-10xx,,tht
SW2,1,program,SW_TH_Tactile_Omron_B3F-10xx,,tht
U1,1,ESP32-WROOM-32U,ESP32-WROOM-32U,,smt
U2,1,LD1117S33,SOT-223-3_TabPin2,,smt
U3,1,CH340E,MSOP-10_3x3mm_P0.5mm,,smt
U4,1,ADS1115,TSSOP-10_3x3mm_P0.5mm,,smt
U5,1,ISO1540,SOIC-8_3.9x4.9mm_P1.27mm,,smt
U6,1,PCA9685PW,TSSOP-28_4.4x9.7mm_P0.65mm,,smt
USB_C1,1,TYPE-C-31-M-12,USB_C_Receptacle_HRO_TYPE-C-31-M-12,,smt
