﻿pos_x,pos_y,rotation,side,designator,mpn,pack,value,mount_type,place
91.186,-71.628,0.0,top,C1,,C_0603_1608Metric,0.1uF,smt,True
56.388,-27.178,180.0,top,C10,,C_0603_1608Metric,100nF,smt,True
86.614,-32.004,90.0,top,C11,,C_0603_1608Metric,10uF,smt,True
33.528,-68.834,180.0,top,C12,,C_0603_1608Metric,10uF,smt,True
23.241,-13.843,90.0,top,C13,,C_0603_1608Metric,0.1uF,smt,True
143.256,-49.403,-90.0,top,C14,,C_0603_1608Metric,1nF,smt,True
121.666,-23.876,-90.0,top,C2,,C_0603_1608Metric,1nF,smt,True
120.142,-32.766,-90.0,top,C3,,C_0603_1608Metric,0.1uF,smt,True
18.542,-20.634888,-90.0,top,C4,,CP_Radial_D5.0mm_P2.00mm,10uF,tht,True
31.75,-23.174887,-90.0,top,C5,,CP_Radial_D5.0mm_P2.00mm,22uF,tht,True
134.874,-34.036,-90.0,top,C6,,C_0603_1608Metric,0.1uF,smt,True
177.038,-20.32,0.0,top,C7,,C_0603_1608Metric,10uF,smt,True
56.642,-32.258,180.0,top,C8,,C_0603_1608Metric,100nF,smt,True
177.038,-18.796,0.0,top,C9,,C_0603_1608Metric,100nF,smt,True
27.94,-2.032,-90.0,top,D1,,LED_0603_1608Metric,Power,smt,True
14.351,-3.175,180.0,top,D2,,LED_0603_1608Metric,Tx,smt,True
14.351,-1.27,180.0,top,D3,,LED_0603_1608Metric,Rx,smt,True
91.186,-67.056,90.0,top,J1,,IDC-Header_2x05_P2.54mm_Vertical,Conn_02x05_Odd_Even,tht,True
38.1,-4.064,180.0,top,J10,,JST_SH_SM04B-SRSS-TB_1x04-1MP_P1.00mm_Horizontal,qwiic,smt,True
175.773,-28.29448,-90.0,top,J11,,PinHeader_1x02_P2.54mm_Vertical,Conn_01x02,tht,True
5.964,-18.796,90.0,top,J12,,PinHeader_1x02_P2.54mm_Vertical,from connector,tht,True
5.969,-22.352,90.0,top,J13,,SolderJumper-2_P1.3mm_Bridged_RoundedPad1.0x1.5mm,battery bypass,tht,True
6.096,-25.908,90.0,top,J14,,PinHeader_1x02_P2.54mm_Vertical,to rest of device,tht,True
68.834,-29.972,90.0,top,J15,,JST_SH_SM04B-SRSS-TB_1x04-1MP_P1.00mm_Horizontal,qwiic,smt,True
149.606,-38.862,90.0,top,J16,,JST_SH_SM04B-SRSS-TB_1x04-1MP_P1.00mm_Horizontal,qwiic,smt,True
12.065,-13.081,0.0,top,J17,,PinSocket_1x01_P2.54mm_Vertical,/RTS,tht,True
127.7715,-33.269,0.0,top,J2,,IDC-Header_2x03_P2.54mm_Vertical,Conn_02x03_Odd_Even,tht,True
53.848,-4.064,180.0,top,J3,,JST_SH_SM04B-SRSS-TB_1x04-1MP_P1.00mm_Horizontal,qwiic,smt,True
146.02,-82.53,-90.0,top,J4,,PinHeader_1x15_P2.54mm_Vertical,Conn_01x15,tht,True
50.95,-82.53,-90.0,top,J5,,PinHeader_1x15_P2.54mm_Vertical,Conn_01x15,tht,True
8.382,-13.081,0.0,top,J6,,PinSocket_1x01_P2.54mm_Vertical,/CTS,tht,True
90.07,-82.53,-90.0,top,J7,,PinHeader_1x15_P2.54mm_Vertical,Conn_01x15,tht,True
45.974,-4.064,180.0,top,J8,,JST_SH_SM04B-SRSS-TB_1x04-1MP_P1.00mm_Horizontal,qwiic,smt,True
162.87,-15.28,90.0,top,J9,,PinHeader_1x10_P2.54mm_Vertical,Conn_01x10,tht,True
166.116,-21.94448,-90.0,top,JP1,,SolderJumper-2_P1.3mm_Open_RoundedPad1.0x1.5mm,Jumper_2_Open,tht,True
18.097,-77.47,0.0,top,JP10,,SolderJumper-2_P1.3mm_Open_RoundedPad1.0x1.5mm,Jumper_2_Open,tht,True
26.67,-14.762,90.0,top,JP11,,SolderJumper-3_P1.3mm_Bridged12_RoundedPad1.0x1.5mm,Serial Voltage,tht,True
163.576,-21.94448,-90.0,top,JP2,,SolderJumper-2_P1.3mm_Open_RoundedPad1.0x1.5mm,Jumper_2_Open,tht,True
161.036,-21.94448,-90.0,top,JP3,,SolderJumper-2_P1.3mm_Open_RoundedPad1.0x1.5mm,Jumper_2_Open,tht,True
158.496,-21.94448,-90.0,top,JP4,,SolderJumper-2_P1.3mm_Open_RoundedPad1.0x1.5mm,Jumper_2_Open,tht,True
18.097,-64.77,0.0,top,JP5,,SolderJumper-2_P1.3mm_Open_RoundedPad1.0x1.5mm,Jumper_2_Open,tht,True
18.097,-67.31,0.0,top,JP6,,SolderJumper-2_P1.3mm_Open_RoundedPad1.0x1.5mm,Jumper_2_Open,tht,True
18.097,-69.85,0.0,top,JP7,,SolderJumper-2_P1.3mm_Open_RoundedPad1.0x1.5mm,Jumper_2_Open,tht,True
18.097,-72.39,0.0,top,JP8,,SolderJumper-2_P1.3mm_Open_RoundedPad1.0x1.5mm,Jumper_2_Open,tht,True
18.097,-74.93,0.0,top,JP9,,SolderJumper-2_P1.3mm_Open_RoundedPad1.0x1.5mm,Jumper_2_Open,tht,True
52.324,-77.216,0.0,top,Q1,,SOT-23,2N7002,smt,True
120.142,-28.756,-90.0,top,R1,,R_0603_1608Metric,10K,smt,True
181.61,-22.606,180.0,top,R10,,R_0603_1608Metric,10k,smt,True
60.198,-34.29,180.0,top,R11,,R_0603_1608Metric,10k,smt,True
59.182,-35.814,180.0,top,R12,,R_0603_1608Metric,10k,smt,True
21.907,-65.278,0.0,top,R13,,R_0603_1608Metric,10k,smt,True
21.907,-67.818,0.0,top,R14,,R_0603_1608Metric,10k,smt,True
60.198,-21.59,180.0,top,R15,,R_0603_1608Metric,10k,smt,True
59.436,-23.114,180.0,top,R16,,R_0603_1608Metric,10k,smt,True
21.907,-70.358,0.0,top,R17,,R_0603_1608Metric,10k,smt,True
21.907,-72.898,0.0,top,R18,,R_0603_1608Metric,10k,smt,True
41.148,-73.406,0.0,top,R19,,R_0603_1608Metric,10k,smt,True
88.392,-72.39,-90.0,top,R2,,R_0603_1608Metric,10K,smt,True
21.907,-75.438,0.0,top,R20,,R_0603_1608Metric,10k,smt,True
21.907,-77.978,0.0,top,R21,,R_0603_1608Metric,10k,smt,True
48.768,-74.93,0.0,top,R22,,R_0603_1608Metric,1K,smt,True
49.53,-77.216,-90.0,top,R23,,R_0603_1608Metric,10K,smt,True
24.638,-9.779,0.0,top,R24,,R_0603_1608Metric,5.1K,smt,True
13.97,-5.08,180.0,top,R25,,R_0603_1608Metric,5.1K,smt,True
8.89,-3.175,0.0,top,R26,,R_0603_1608Metric,2.2K,smt,True
8.89,-1.27,180.0,top,R27,,R_0603_1608Metric,2.2K,smt,True
103.886,-51.308,0.0,top,R3,,R_0603_1608Metric,4.7K,smt,True
27.94,-5.271,90.0,top,R4,,R_0603_1608Metric,2.2K,smt,True
95.25,-72.39,-90.0,top,R5,,R_0603_1608Metric,10K,smt,True
98.298,-72.39,-90.0,top,R6,,R_0603_1608Metric,10K,smt,True
106.68,-51.816,90.0,top,R7,,R_0603_1608Metric,4.7K,smt,True
173.99,-20.32,180.0,top,R8,,R_0603_1608Metric,10k,smt,True
181.61,-21.082,180.0,top,R9,,R_0603_1608Metric,10k,smt,True
123.75,-21.626,0.0,top,SW1,,SW_TH_Tactile_Omron_B3F-10xx,reset,tht,True
133.275,-47.28,0.0,top,SW2,,SW_TH_Tactile_Omron_B3F-10xx,program,tht,True
97.282,-39.624,0.0,top,U1,,ESP32-WROOM-32U,ESP32-WROOM-32U,smt,True
25.146,-23.368,-90.0,top,U2,,SOT-223-3_TabPin2,LD1117S33,smt,True
20.574,-12.614,-90.0,top,U3,,MSOP-10_3x3mm_P0.5mm,CH340E,smt,True
174.752,-22.96048,0.0,top,U4,,TSSOP-10_3x3mm_P0.5mm,ADS1115,smt,True
60.96,-29.718,90.0,top,U5,,SOIC-8_3.9x4.9mm_P1.27mm,ISO1540,smt,True
34.036,-74.676,0.0,top,U6,,TSSOP-28_4.4x9.7mm_P0.65mm,PCA9685PW,smt,True
21.336,-2.54,180.0,top,USB_C1,,USB_C_Receptacle_HRO_TYPE-C-31-M-12,TYPE-C-31-M-12,smt,True
